event_id,competitor,game_order,score,potout,note
71,Patrick Barrie,G1,3.000000,false,
71,Patrick Barrie,G2,3.000000,false,
71,Patrick Barrie,G3,4.000000,false,
71,Patrick Barrie,G4,1.000000,false,
71,Patrick Barrie,G5,6.000000,false,
71,Patrick Barrie,G6,5.000000,false,
71,Patrick Barrie,G7,3.000000,false,
71,Larry Kahn,G1,4.000000,false,
71,Larry Kahn,G2,4.000000,false,
71,Larry Kahn,G3,3.000000,false,
71,Larry Kahn,G4,6.000000,false,
71,Larry Kahn,G5,1.000000,false,
71,Larry Kahn,G6,2.000000,false,
71,Larry Kahn,G7,4.000000,false,
70,Patrick Barrie,G1,6.000000,true,
70,Patrick Barrie,G2,1.000000,false,
70,Patrick Barrie,G3,4.000000,false,
70,Patrick Barrie,G4,7.000000,true,
70,Patrick Barrie,G5,6.000000,false,
70,Patrick Barrie,G6,1.000000,false,
70,Larry Kahn,G1,1.000000,true,
70,Larry Kahn,G2,6.000000,false,
70,Larry Kahn,G3,3.000000,false,
70,Larry Kahn,G4,0.000000,true,
70,Larry Kahn,G5,1.000000,false,
70,Larry Kahn,G6,6.000000,false,
69,Larry Kahn,G1,6.000000,false,
69,Larry Kahn,G2,6.000000,true,
69,Larry Kahn,G3,5.000000,true,
69,Larry Kahn,G4,6.000000,false,
69,Larry Kahn,G5,5.000000,false,
69,Patrick Barrie,G1,1.000000,false,
69,Patrick Barrie,G2,1.000000,true,
69,Patrick Barrie,G3,2.000000,true,
69,Patrick Barrie,G4,1.000000,false,
69,Patrick Barrie,G5,2.000000,false,
68,Larry Kahn,G1,3.000000,false,
68,Larry Kahn,G2,3.000000,false,
68,Larry Kahn,G3,4.000000,false,
68,Larry Kahn,G4,4.000000,false,
68,Larry Kahn,G5,4.000000,false,
68,Larry Kahn,G6,6.000000,false,
68,Larry Kahn,G7,1.000000,true,
68,Patrick Barrie,G1,4.000000,false,
68,Patrick Barrie,G2,4.000000,false,
68,Patrick Barrie,G3,3.000000,false,
68,Patrick Barrie,G4,3.000000,false,
68,Patrick Barrie,G5,3.000000,false,
68,Patrick Barrie,G6,1.000000,false,
68,Patrick Barrie,G7,6.000000,true,
67,Patrick Barrie,G1,1.000000,true,
67,Patrick Barrie,G2,3.000000,false,
67,Patrick Barrie,G3,7.000000,true,
67,Patrick Barrie,G4,4.000000,false,
67,Patrick Barrie,G5,2.000000,false,
67,Patrick Barrie,G6,3.000000,false,
67,Patrick Barrie,G7,6.000000,true,
67,Larry Kahn,G1,6.000000,true,
67,Larry Kahn,G2,4.000000,false,
67,Larry Kahn,G3,0.000000,true,
67,Larry Kahn,G4,3.000000,false,
67,Larry Kahn,G5,5.000000,false,
67,Larry Kahn,G6,4.000000,false,
67,Larry Kahn,G7,1.000000,true,
66,Larry Kahn,G1,6.000000,false,
66,Larry Kahn,G2,6.000000,true,
66,Larry Kahn,G3,5.000000,true,
66,Larry Kahn,G4,1.000000,true,
66,Larry Kahn,G5,1.500000,false,
66,Larry Kahn,G6,3.000000,false,
66,Larry Kahn,G7,6.000000,false,
66,Patrick Barrie,G1,1.000000,false,
66,Patrick Barrie,G2,1.000000,true,
66,Patrick Barrie,G3,2.000000,true,
66,Patrick Barrie,G4,6.000000,true,
66,Patrick Barrie,G5,5.500000,false,
66,Patrick Barrie,G6,4.000000,false,
66,Patrick Barrie,G7,1.000000,false,
65,Larry Kahn,G1,6.000000,false,
65,Larry Kahn,G2,4.000000,false,
65,Larry Kahn,G3,2.500000,false,
65,Larry Kahn,G4,5.000000,true,
65,Larry Kahn,G5,6.000000,false,
65,Larry Kahn,G6,2.000000,false,
65,Matt Fayers,G1,1.000000,false,
65,Matt Fayers,G2,3.000000,false,
65,Matt Fayers,G3,4.500000,false,
65,Matt Fayers,G4,2.000000,true,
65,Matt Fayers,G5,1.000000,false,
65,Matt Fayers,G6,5.000000,false,
64,Larry Kahn,G1,6.000000,false,
64,Larry Kahn,G2,3.000000,false,
64,Larry Kahn,G3,4.000000,false,
64,Larry Kahn,G4,3.000000,false,
64,Larry Kahn,G5,5.000000,false,
64,Larry Kahn,G6,5.000000,false,
64,Matt Fayers,G1,1.000000,false,
64,Matt Fayers,G2,4.000000,false,
64,Matt Fayers,G3,3.000000,false,
64,Matt Fayers,G4,4.000000,false,
64,Matt Fayers,G5,2.000000,false,
64,Matt Fayers,G6,2.000000,false,
63,Matt Fayers,G1,4.500000,false,
63,Matt Fayers,G2,6.000000,false,
63,Matt Fayers,G3,1.000000,false,
63,Matt Fayers,G4,4.000000,false,
63,Matt Fayers,G5,4.500000,false,
63,Matt Fayers,G6,6.000000,false,
63,Patrick Barrie,G1,2.500000,false,
63,Patrick Barrie,G2,1.000000,false,
63,Patrick Barrie,G3,6.000000,false,
63,Patrick Barrie,G4,3.000000,false,
63,Patrick Barrie,G5,2.500000,false,
63,Patrick Barrie,G6,1.000000,false,
62,Matt Fayers,G1,6.000000,false,
62,Matt Fayers,G2,1.000000,true,
62,Matt Fayers,G3,5.500000,false,
62,Matt Fayers,G4,4.000000,false,
62,Matt Fayers,G5,5.000000,false,
62,Matt Fayers,G6,6.000000,false,
62,Matthew Rose,G1,1.000000,false,
62,Matthew Rose,G2,6.000000,true,
62,Matthew Rose,G3,1.500000,false,
62,Matthew Rose,G4,3.000000,false,
62,Matthew Rose,G5,2.000000,false,
62,Matthew Rose,G6,1.000000,false,
61,Matthew Rose,G1,4.000000,false,
61,Matthew Rose,G2,6.000000,false,
61,Matthew Rose,G3,1.000000,false,
61,Matthew Rose,G4,1.000000,false,
61,Matthew Rose,G5,6.000000,false,
61,Matthew Rose,G6,5.000000,false,
61,Matthew Rose,G7,5.000000,false,
61,Andy Purvis,G1,3.000000,false,
61,Andy Purvis,G2,1.000000,false,
61,Andy Purvis,G3,6.000000,false,
61,Andy Purvis,G4,6.000000,false,
61,Andy Purvis,G5,1.000000,false,
61,Andy Purvis,G6,2.000000,false,
61,Andy Purvis,G7,2.000000,false,
60,Andy Purvis,G1,4.000000,false,
60,Andy Purvis,G2,1.000000,false,
60,Andy Purvis,G3,6.000000,false,
60,Andy Purvis,G4,5.000000,false,
60,Andy Purvis,G5,1.000000,false,
60,Andy Purvis,G6,6.000000,false,
60,Andy Purvis,G7,6.000000,true,
60,Larry Kahn,G1,3.000000,false,
60,Larry Kahn,G2,6.000000,false,
60,Larry Kahn,G3,1.000000,false,
60,Larry Kahn,G4,2.000000,false,
60,Larry Kahn,G5,6.000000,false,
60,Larry Kahn,G6,1.000000,false,
60,Larry Kahn,G7,1.000000,true,
59,Andy Purvis,G1,2.333330,false,
59,Andy Purvis,G2,7.000000,true,
59,Andy Purvis,G3,6.000000,false,
59,Andy Purvis,G4,3.000000,false,
59,Andy Purvis,G5,6.000000,false,
59,Andy Purvis,G6,6.000000,true,
59,Larry Kahn,G1,4.666660,false,
59,Larry Kahn,G2,0.000000,true,
59,Larry Kahn,G3,1.000000,false,
59,Larry Kahn,G4,4.000000,false,
59,Larry Kahn,G5,1.000000,false,
59,Larry Kahn,G6,1.000000,true,
58,Larry Kahn,G1,5.000000,true,
58,Larry Kahn,G2,1.000000,false,
58,Larry Kahn,G3,4.500000,false,
58,Larry Kahn,G4,5.000000,false,
58,Larry Kahn,G5,5.000000,true,
58,Larry Kahn,G6,5.000000,true,
58,Matthew Rose,G1,2.000000,true,
58,Matthew Rose,G2,6.000000,false,
58,Matthew Rose,G3,2.500000,false,
58,Matthew Rose,G4,2.000000,false,
58,Matthew Rose,G5,2.000000,true,
58,Matthew Rose,G6,2.000000,true,
57,Matthew Rose,G1,5.000000,false,
57,Matthew Rose,G2,3.000000,false,
57,Matthew Rose,G3,7.000000,true,
57,Matthew Rose,G4,6.000000,false,
57,Matthew Rose,G5,5.000000,false,
57,Patrick Barrie,G1,2.000000,false,
57,Patrick Barrie,G2,4.000000,false,
57,Patrick Barrie,G3,0.000000,true,
57,Patrick Barrie,G4,1.000000,false,
57,Patrick Barrie,G5,2.000000,false,
56,Patrick Barrie,G1,7.000000,true,
56,Patrick Barrie,G2,4.000000,false,
56,Patrick Barrie,G3,6.000000,false,
56,Patrick Barrie,G4,1.000000,false,
56,Patrick Barrie,G5,4.500000,false,
56,Patrick Barrie,G6,6.000000,false,
56,Dave Lockwood,G1,0.000000,true,
56,Dave Lockwood,G2,3.000000,false,
56,Dave Lockwood,G3,1.000000,false,
56,Dave Lockwood,G4,6.000000,false,
56,Dave Lockwood,G5,2.500000,false,
56,Dave Lockwood,G6,1.000000,false,
55,Patrick Barrie,G1,3.000000,false,
55,Patrick Barrie,G2,6.000000,false,
55,Patrick Barrie,G3,2.000000,true,
55,Patrick Barrie,G4,2.000000,true,
55,Patrick Barrie,G5,6.000000,true,
55,Patrick Barrie,G6,6.000000,false,
55,Ed Wynn,G1,4.000000,false,
55,Ed Wynn,G2,1.000000,false,
55,Ed Wynn,G3,5.000000,true,
55,Ed Wynn,G4,5.000000,true,
55,Ed Wynn,G5,1.000000,true,
55,Ed Wynn,G6,1.000000,false,
54,Patrick Barrie,G1,6.000000,false,
54,Patrick Barrie,G2,1.500000,false,
54,Patrick Barrie,G3,1.000000,false,
54,Patrick Barrie,G4,7.000000,true,
54,Patrick Barrie,G5,5.500000,false,
54,Patrick Barrie,G6,1.000000,false,
54,Patrick Barrie,G7,4.000000,false,
54,Dave Lockwood,G1,1.000000,false,
54,Dave Lockwood,G2,5.500000,false,
54,Dave Lockwood,G3,6.000000,false,
54,Dave Lockwood,G4,0.000000,true,
54,Dave Lockwood,G5,1.500000,false,
54,Dave Lockwood,G6,6.000000,false,
54,Dave Lockwood,G7,3.000000,false,
53,Dave Lockwood,G1,1.000000,false,
53,Dave Lockwood,G2,5.000000,false,
53,Dave Lockwood,G3,4.000000,false,
53,Dave Lockwood,G4,5.500000,false,
53,Dave Lockwood,G5,3.000000,false,
53,Dave Lockwood,G6,6.000000,false,
53,Dave Lockwood,G7,1.000000,false,
53,Larry Kahn,G1,6.000000,false,
53,Larry Kahn,G2,2.000000,false,
53,Larry Kahn,G3,3.000000,false,
53,Larry Kahn,G4,1.500000,false,
53,Larry Kahn,G5,4.000000,false,
53,Larry Kahn,G6,1.000000,false,
53,Larry Kahn,G7,6.000000,false,
52,Larry Kahn,G1,6.000000,false,
52,Larry Kahn,G2,4.000000,false,
52,Larry Kahn,G3,2.000000,false,
52,Larry Kahn,G4,6.000000,false,
52,Larry Kahn,G5,6.000000,false,
52,Larry Kahn,G6,2.000000,false,
52,Patrick Barrie,G1,1.000000,false,
52,Patrick Barrie,G2,3.000000,false,
52,Patrick Barrie,G3,5.000000,false,
52,Patrick Barrie,G4,1.000000,false,
52,Patrick Barrie,G5,1.000000,false,
52,Patrick Barrie,G6,5.000000,false,
51,Larry Kahn,G1,1.500000,false,
51,Larry Kahn,G2,6.000000,false,
51,Larry Kahn,G3,6.000000,true,
51,Larry Kahn,G4,6.000000,false,
51,Larry Kahn,G5,2.000000,false,
51,Larry Kahn,G6,6.000000,false,
51,Patrick Barrie,G1,5.500000,false,
51,Patrick Barrie,G2,1.000000,false,
51,Patrick Barrie,G3,1.000000,true,
51,Patrick Barrie,G4,1.000000,false,
51,Patrick Barrie,G5,5.000000,false,
51,Patrick Barrie,G6,1.000000,false,
50,Patrick Barrie,G1,6.000000,false,
50,Patrick Barrie,G2,4.500000,false,
50,Patrick Barrie,G3,3.000000,false,
50,Patrick Barrie,G4,1.000000,false,
50,Patrick Barrie,G5,6.000000,true,
50,Patrick Barrie,G6,6.000000,false,
50,Andy Purvis,G1,1.000000,false,
50,Andy Purvis,G2,2.500000,false,
50,Andy Purvis,G3,4.000000,false,
50,Andy Purvis,G4,6.000000,false,
50,Andy Purvis,G5,1.000000,true,
50,Andy Purvis,G6,1.000000,false,
49,Andy Purvis,G1,1.000000,false,
49,Andy Purvis,G2,7.000000,false,
49,Andy Purvis,G3,4.000000,false,
49,Andy Purvis,G4,2.000000,false,
49,Andy Purvis,G5,3.000000,false,
49,Andy Purvis,G6,7.000000,false,
49,Andy Purvis,G7,6.000000,false,
49,Larry Kahn,G1,6.000000,false,
49,Larry Kahn,G2,0.000000,false,
49,Larry Kahn,G3,3.000000,false,
49,Larry Kahn,G4,5.000000,false,
49,Larry Kahn,G5,4.000000,false,
49,Larry Kahn,G6,0.000000,false,
49,Larry Kahn,G7,1.000000,false,
48,Andy Purvis,G1,6.000000,false,
48,Andy Purvis,G2,6.000000,false,
48,Andy Purvis,G3,6.000000,false,
48,Andy Purvis,G4,4.000000,false,
48,Andy Purvis,G5,2.333330,false,
48,Andy Purvis,G6,2.000000,false,
48,Larry Kahn,G1,1.000000,false,
48,Larry Kahn,G2,1.000000,false,
48,Larry Kahn,G3,1.000000,false,
48,Larry Kahn,G4,3.000000,false,
48,Larry Kahn,G5,4.666660,false,
48,Larry Kahn,G6,5.000000,false,
47,Larry Kahn,G1,5.000000,false,
47,Larry Kahn,G2,3.000000,false,
47,Larry Kahn,G3,6.000000,true,
47,Larry Kahn,G4,5.000000,false,
47,Larry Kahn,G5,6.000000,false,
47,Patrick Barrie,G1,2.000000,false,
47,Patrick Barrie,G2,4.000000,false,
47,Patrick Barrie,G3,1.000000,true,
47,Patrick Barrie,G4,2.000000,false,
47,Patrick Barrie,G5,1.000000,false,
46,Larry Kahn,G1,5.000000,false,
46,Larry Kahn,G2,5.500000,false,
46,Larry Kahn,G3,5.500000,false,
46,Larry Kahn,G4,3.000000,false,
46,Larry Kahn,G5,1.000000,false,
46,Larry Kahn,G6,5.500000,false,
46,Dave Lockwood,G1,2.000000,false,
46,Dave Lockwood,G2,1.500000,false,
46,Dave Lockwood,G3,1.500000,false,
46,Dave Lockwood,G4,4.000000,false,
46,Dave Lockwood,G5,6.000000,false,
46,Dave Lockwood,G6,1.500000,false,
45,Dave Lockwood,G1,6.000000,false,Order of games unknown
45,Dave Lockwood,G2,6.000000,false,Order of games unknown
45,Dave Lockwood,G3,6.000000,false,Order of games unknown
45,Dave Lockwood,G4,5.000000,false,Order of games unknown
45,Dave Lockwood,G5,2.000000,false,Order of games unknown
45,Dave Lockwood,G6,1.000000,false,Order of games unknown
45,Geoff Myers,G1,1.000000,false,Order of games unknown
45,Geoff Myers,G2,1.000000,false,Order of games unknown
45,Geoff Myers,G3,1.000000,false,Order of games unknown
45,Geoff Myers,G4,2.000000,false,Order of games unknown
45,Geoff Myers,G5,5.000000,false,Order of games unknown
45,Geoff Myers,G6,6.000000,false,Order of games unknown
44,Geoff Myers,G1,6.000000,false,
44,Geoff Myers,G2,6.000000,false,
44,Geoff Myers,G3,6.000000,true,
44,Geoff Myers,G4,4.000000,false,
44,Geoff Myers,G5,6.000000,false,
44,Larry Kahn,G1,1.000000,false,
44,Larry Kahn,G2,1.000000,false,
44,Larry Kahn,G3,1.000000,true,
44,Larry Kahn,G4,3.000000,false,
44,Larry Kahn,G5,1.000000,false,
43,Larry Kahn,G1,4.000000,false,
43,Larry Kahn,G2,6.000000,false,
43,Larry Kahn,G3,7.000000,false,
43,Larry Kahn,G4,4.000000,false,
43,Larry Kahn,G5,1.000000,false,
43,Larry Kahn,G6,4.000000,false,
43,Patrick Barrie,G1,3.000000,false,
43,Patrick Barrie,G2,1.000000,false,
43,Patrick Barrie,G3,0.000000,false,
43,Patrick Barrie,G4,3.000000,false,
43,Patrick Barrie,G5,6.000000,false,
43,Patrick Barrie,G6,3.000000,false,
42,Larry Kahn,G1,1.000000,false,
42,Larry Kahn,G2,6.000000,false,
42,Larry Kahn,G3,7.000000,false,
42,Larry Kahn,G4,1.000000,false,
42,Larry Kahn,G5,3.000000,false,
42,Larry Kahn,G6,3.000000,false,
42,Larry Kahn,G7,5.500000,false,
42,Patrick Barrie,G1,6.000000,false,
42,Patrick Barrie,G2,1.000000,false,
42,Patrick Barrie,G3,0.000000,false,
42,Patrick Barrie,G4,6.000000,false,
42,Patrick Barrie,G5,4.000000,false,
42,Patrick Barrie,G6,4.000000,false,
42,Patrick Barrie,G7,1.500000,false,
41,Patrick Barrie,G1,7.000000,false,
41,Patrick Barrie,G2,2.000000,false,
41,Patrick Barrie,G3,6.000000,false,
41,Patrick Barrie,G4,1.000000,false,
41,Patrick Barrie,G5,2.000000,false,
41,Patrick Barrie,G6,2.500000,false,
41,Patrick Barrie,G7,6.000000,false,
41,Dave Lockwood,G1,0.000000,false,
41,Dave Lockwood,G2,5.000000,false,
41,Dave Lockwood,G3,1.000000,false,
41,Dave Lockwood,G4,6.000000,false,
41,Dave Lockwood,G5,5.000000,false,
41,Dave Lockwood,G6,4.500000,false,
41,Dave Lockwood,G7,1.000000,false,
40,Patrick Barrie,G1,4.000000,false,
40,Patrick Barrie,G2,6.000000,false,
40,Patrick Barrie,G3,6.000000,false,
40,Patrick Barrie,G4,0.000000,true,
40,Patrick Barrie,G5,6.000000,true,
40,Patrick Barrie,G6,3.000000,false,
40,Geoff Myers,G1,3.000000,false,
40,Geoff Myers,G2,1.000000,false,
40,Geoff Myers,G3,1.000000,false,
40,Geoff Myers,G4,7.000000,true,
40,Geoff Myers,G5,1.000000,true,
40,Geoff Myers,G6,4.000000,false,
39,Geoff Myers,G1,2.000000,true,
39,Geoff Myers,G2,6.000000,false,
39,Geoff Myers,G3,6.000000,true,
39,Geoff Myers,G4,7.000000,true,
39,Geoff Myers,G5,0.000000,true,
39,Geoff Myers,G6,5.000000,false,
39,Andy Purvis,G1,5.000000,true,
39,Andy Purvis,G2,1.000000,false,
39,Andy Purvis,G3,1.000000,true,
39,Andy Purvis,G4,0.000000,true,
39,Andy Purvis,G5,7.000000,true,
39,Andy Purvis,G6,2.000000,false,
38,Geoff Myers,G1,6.000000,false,
38,Geoff Myers,G2,5.500000,false,
38,Geoff Myers,G3,6.000000,false,
38,Geoff Myers,G4,4.500000,false,
38,Geoff Myers,G5,7.000000,true,
38,Andy Purvis,G1,1.000000,false,
38,Andy Purvis,G2,1.500000,false,
38,Andy Purvis,G3,1.000000,false,
38,Andy Purvis,G4,2.500000,false,
38,Andy Purvis,G5,0.000000,true,
37,Geoff Myers,G1,1.000000,false,
37,Geoff Myers,G2,5.500000,false,
37,Geoff Myers,G3,5.000000,false,
37,Geoff Myers,G4,5.000000,false,
37,Geoff Myers,G5,5.000000,false,
37,Geoff Myers,G6,4.000000,false,
37,Dave Lockwood,G1,6.000000,false,
37,Dave Lockwood,G2,1.500000,false,
37,Dave Lockwood,G3,2.000000,false,
37,Dave Lockwood,G4,2.000000,false,
37,Dave Lockwood,G5,2.000000,false,
37,Dave Lockwood,G6,3.000000,false,
36,Geoff Myers,G1,5.000000,false,
36,Geoff Myers,G2,6.000000,false,
36,Geoff Myers,G3,1.000000,false,
36,Geoff Myers,G4,3.000000,false,
36,Geoff Myers,G5,3.000000,false,
36,Geoff Myers,G6,6.000000,false,
36,Geoff Myers,G7,1.000000,false,
36,Larry Kahn,G1,2.000000,false,
36,Larry Kahn,G2,1.000000,false,
36,Larry Kahn,G3,6.000000,false,
36,Larry Kahn,G4,4.000000,false,
36,Larry Kahn,G5,4.000000,false,
36,Larry Kahn,G6,1.000000,false,
36,Larry Kahn,G7,6.000000,false,
35,Larry Kahn,G1,3.000000,false,
35,Larry Kahn,G2,4.000000,false,
35,Larry Kahn,G3,6.000000,false,
35,Larry Kahn,G4,5.000000,false,
35,Larry Kahn,G5,4.000000,false,
35,Larry Kahn,G6,1.000000,true,
35,Larry Kahn,G7,6.000000,false,
35,Dave Lockwood,G1,4.000000,false,
35,Dave Lockwood,G2,3.000000,false,
35,Dave Lockwood,G3,1.000000,false,
35,Dave Lockwood,G4,2.000000,false,
35,Dave Lockwood,G5,3.000000,false,
35,Dave Lockwood,G6,6.000000,true,
35,Dave Lockwood,G7,1.000000,false,
34,Larry Kahn,G1,1.000000,false,
34,Larry Kahn,G2,7.000000,false,
34,Larry Kahn,G3,3.000000,false,
34,Larry Kahn,G4,5.000000,false,
34,Larry Kahn,G5,2.500000,false,
34,Larry Kahn,G6,6.000000,false,
34,Larry Kahn,G7,6.000000,false,
34,Andy Purvis,G1,6.000000,false,
34,Andy Purvis,G2,0.000000,false,
34,Andy Purvis,G3,4.000000,false,
34,Andy Purvis,G4,2.000000,false,
34,Andy Purvis,G5,4.500000,false,
34,Andy Purvis,G6,1.000000,false,
34,Andy Purvis,G7,1.000000,false,
33,Andy Purvis,G1,4.000000,false,
33,Andy Purvis,G2,6.000000,false,
33,Andy Purvis,G3,6.000000,false,
33,Andy Purvis,G4,4.000000,false,
33,Andy Purvis,G5,2.000000,false,
33,Andy Purvis,G6,5.500000,false,
33,Nick Inglis,G1,3.000000,false,
33,Nick Inglis,G2,1.000000,false,
33,Nick Inglis,G3,1.000000,false,
33,Nick Inglis,G4,3.000000,false,
33,Nick Inglis,G5,5.000000,false,
33,Nick Inglis,G6,1.500000,false,
32,Andy Purvis,G1,6.000000,false,
32,Andy Purvis,G2,6.000000,false,
32,Andy Purvis,G3,5.500000,false,
32,Andy Purvis,G4,5.000000,false,
32,Andy Purvis,G5,5.000000,false,
32,Larry Kahn,G1,1.000000,false,
32,Larry Kahn,G2,1.000000,false,
32,Larry Kahn,G3,1.500000,false,
32,Larry Kahn,G4,2.000000,false,
32,Larry Kahn,G5,2.000000,false,
31,Larry Kahn,G1,6.000000,false,
31,Larry Kahn,G2,5.500000,false,
31,Larry Kahn,G3,3.000000,false,
31,Larry Kahn,G4,6.000000,false,
31,Larry Kahn,G5,0.000000,false,
31,Larry Kahn,G6,4.000000,false,
31,Larry Kahn,G7,6.000000,false,
31,Richard Moore,G1,1.000000,false,
31,Richard Moore,G2,1.500000,false,
31,Richard Moore,G3,4.000000,false,
31,Richard Moore,G4,1.000000,false,
31,Richard Moore,G5,7.000000,false,
31,Richard Moore,G6,3.000000,false,
31,Richard Moore,G7,1.000000,false,
30,Larry Kahn,G1,2.000000,false,
30,Larry Kahn,G2,5.000000,false,
30,Larry Kahn,G3,6.000000,false,
30,Larry Kahn,G4,6.000000,false,
30,Larry Kahn,G5,6.000000,false,
30,Charles Relle,G1,5.000000,false,
30,Charles Relle,G2,2.000000,false,
30,Charles Relle,G3,1.000000,false,
30,Charles Relle,G4,1.000000,false,
30,Charles Relle,G5,1.000000,false,
29,Larry Kahn,G1,6.000000,false,
29,Larry Kahn,G2,2.000000,false,
29,Larry Kahn,G3,1.000000,false,
29,Larry Kahn,G4,3.000000,false,
29,Larry Kahn,G5,1.000000,false,
29,Larry Kahn,G6,6.000000,false,
29,Larry Kahn,G7,6.000000,false,
29,Dave Lockwood,G1,1.000000,false,
29,Dave Lockwood,G2,5.000000,false,
29,Dave Lockwood,G3,6.000000,false,
29,Dave Lockwood,G4,4.000000,false,
29,Dave Lockwood,G5,6.000000,false,
29,Dave Lockwood,G6,1.000000,false,
29,Dave Lockwood,G7,1.000000,false,
28,Larry Kahn,G1,4.000000,false,
28,Larry Kahn,G2,1.000000,false,
28,Larry Kahn,G3,7.000000,false,
28,Larry Kahn,G4,2.000000,false,
28,Larry Kahn,G5,6.000000,false,
28,Larry Kahn,G6,6.000000,false,
28,Jonathan Mapley,G1,3.000000,false,
28,Jonathan Mapley,G2,6.000000,false,
28,Jonathan Mapley,G3,0.000000,false,
28,Jonathan Mapley,G4,5.000000,false,
28,Jonathan Mapley,G5,1.000000,false,
28,Jonathan Mapley,G6,1.000000,false,
27,Jonathan Mapley,G1,5.000000,false,
27,Jonathan Mapley,G2,2.000000,false,
27,Jonathan Mapley,G3,6.000000,false,
27,Jonathan Mapley,G4,4.500000,false,
27,Jonathan Mapley,G5,6.000000,false,
27,Jonathan Mapley,G6,3.000000,false,
27,Charles Relle,G1,2.000000,false,
27,Charles Relle,G2,5.000000,false,
27,Charles Relle,G3,1.000000,false,
27,Charles Relle,G4,2.500000,false,
27,Charles Relle,G5,1.000000,false,
27,Charles Relle,G6,4.000000,false,
26,Jonathan Mapley,G1,6.000000,false,
26,Jonathan Mapley,G2,3.000000,false,
26,Jonathan Mapley,G3,6.000000,false,
26,Jonathan Mapley,G4,6.000000,false,
26,Jonathan Mapley,G5,4.000000,false,
26,Larry Kahn,G1,1.000000,false,
26,Larry Kahn,G2,4.000000,false,
26,Larry Kahn,G3,1.000000,false,
26,Larry Kahn,G4,1.000000,false,
26,Larry Kahn,G5,3.000000,false,
25,Jonathan Mapley,G1,2.000000,false,
25,Jonathan Mapley,G2,3.000000,false,
25,Jonathan Mapley,G3,6.000000,false,
25,Jonathan Mapley,G4,1.000000,false,
25,Jonathan Mapley,G5,6.000000,false,
25,Jonathan Mapley,G6,6.000000,false,
25,Jonathan Mapley,G7,5.000000,false,
25,Alan Dean,G1,5.000000,false,
25,Alan Dean,G2,4.000000,false,
25,Alan Dean,G3,1.000000,false,
25,Alan Dean,G4,6.000000,false,
25,Alan Dean,G5,1.000000,false,
25,Alan Dean,G6,1.000000,false,
25,Alan Dean,G7,2.000000,false,
24,Jonathan Mapley,G1,6.000000,false,
24,Jonathan Mapley,G2,1.000000,false,
24,Jonathan Mapley,G3,6.000000,false,
24,Jonathan Mapley,G4,2.500000,false,
24,Jonathan Mapley,G5,4.000000,false,
24,Jonathan Mapley,G6,6.000000,false,
24,Larry Kahn,G1,1.000000,false,
24,Larry Kahn,G2,6.000000,false,
24,Larry Kahn,G3,1.000000,false,
24,Larry Kahn,G4,4.500000,false,
24,Larry Kahn,G5,3.000000,false,
24,Larry Kahn,G6,1.000000,false,
23,Larry Kahn,G1,6.000000,false,
23,Larry Kahn,G2,6.000000,false,
23,Larry Kahn,G3,6.000000,false,
23,Larry Kahn,G4,7.000000,false,
23,Alan Dean,G1,1.000000,false,
23,Alan Dean,G2,1.000000,false,
23,Alan Dean,G3,1.000000,false,
23,Alan Dean,G4,0.000000,false,
22,Alan Dean,G1,2.500000,false,
22,Alan Dean,G2,3.000000,false,
22,Alan Dean,G3,4.000000,false,
22,Alan Dean,G4,6.000000,false,
22,Alan Dean,G5,6.000000,false,
22,Alan Dean,G6,3.000000,false,
22,Alan Dean,G7,6.000000,false,
22,Arye Gittelman,G1,4.500000,false,
22,Arye Gittelman,G2,4.000000,false,
22,Arye Gittelman,G3,3.000000,false,
22,Arye Gittelman,G4,1.000000,false,
22,Arye Gittelman,G5,1.000000,false,
22,Arye Gittelman,G6,4.000000,false,
22,Arye Gittelman,G7,1.000000,false,
21,Arye Gittelman,G1,6.000000,false,
21,Arye Gittelman,G2,6.000000,false,
21,Arye Gittelman,G3,5.500000,false,
21,Arye Gittelman,G4,1.000000,false,
21,Arye Gittelman,G5,2.000000,false,
21,Arye Gittelman,G6,0.000000,false,
21,Arye Gittelman,G7,6.000000,false,
21,Larry Kahn,G1,1.000000,false,
21,Larry Kahn,G2,1.000000,false,
21,Larry Kahn,G3,1.500000,false,
21,Larry Kahn,G4,6.000000,false,
21,Larry Kahn,G5,5.000000,false,
21,Larry Kahn,G6,7.000000,false,
21,Larry Kahn,G7,1.000000,false,
20,Arye Gittelman,G1,5.500000,false,
20,Arye Gittelman,G2,0.000000,false,
20,Arye Gittelman,G3,4.000000,false,
20,Arye Gittelman,G4,6.000000,false,
20,Arye Gittelman,G5,4.000000,false,
20,Arye Gittelman,G6,5.500000,false,
20,Larry Kahn,G1,1.500000,false,
20,Larry Kahn,G2,7.000000,false,
20,Larry Kahn,G3,3.000000,false,
20,Larry Kahn,G4,1.000000,false,
20,Larry Kahn,G5,3.000000,false,
20,Larry Kahn,G6,1.500000,false,
19,Larry Kahn,G1,6.000000,false,
19,Larry Kahn,G2,2.500000,false,
19,Larry Kahn,G3,6.000000,false,
19,Larry Kahn,G4,6.000000,false,
19,Larry Kahn,G5,1.500000,false,
19,Larry Kahn,G6,3.000000,false,
19,Jonathan Mapley,G1,1.000000,false,
19,Jonathan Mapley,G2,4.500000,false,
19,Jonathan Mapley,G3,1.000000,false,
19,Jonathan Mapley,G4,1.000000,false,
19,Jonathan Mapley,G5,5.500000,false,
19,Jonathan Mapley,G6,4.000000,false,
18,Larry Kahn,G1,7.000000,false,
18,Larry Kahn,G2,2.000000,false,
18,Larry Kahn,G3,3.000000,false,
18,Larry Kahn,G4,1.500000,false,
18,Larry Kahn,G5,6.000000,false,
18,Larry Kahn,G6,5.000000,false,
18,Larry Kahn,G7,5.000000,false,
18,Dave Lockwood,G1,0.000000,false,
18,Dave Lockwood,G2,5.000000,false,
18,Dave Lockwood,G3,4.000000,false,
18,Dave Lockwood,G4,5.500000,false,
18,Dave Lockwood,G5,1.000000,false,
18,Dave Lockwood,G6,2.000000,false,
18,Dave Lockwood,G7,2.000000,false,
17,Larry Kahn,G1,5.000000,false,
17,Larry Kahn,G2,1.000000,false,
17,Larry Kahn,G3,6.000000,false,
17,Larry Kahn,G4,3.500000,false,
17,Larry Kahn,G5,7.000000,false,
17,Larry Kahn,G6,7.000000,false,
17,Dave Lockwood,G1,2.000000,false,
17,Dave Lockwood,G2,6.000000,false,
17,Dave Lockwood,G3,1.000000,false,
17,Dave Lockwood,G4,3.500000,false,
17,Dave Lockwood,G5,0.000000,false,
17,Dave Lockwood,G6,0.000000,false,
16,Larry Kahn,G1,6.000000,false,
16,Larry Kahn,G2,1.500000,false,
16,Larry Kahn,G3,4.500000,false,
16,Larry Kahn,G4,1.000000,false,
16,Larry Kahn,G5,6.000000,false,
16,Larry Kahn,G6,6.000000,false,
16,Jonathan Mapley,G1,1.000000,false,
16,Jonathan Mapley,G2,5.500000,false,
16,Jonathan Mapley,G3,2.500000,false,
16,Jonathan Mapley,G4,6.000000,false,
16,Jonathan Mapley,G5,1.000000,false,
16,Jonathan Mapley,G6,1.000000,false,
15,Larry Kahn,G1,1.000000,false,
15,Larry Kahn,G2,6.000000,false,
15,Larry Kahn,G3,6.000000,false,
15,Larry Kahn,G4,1.000000,false,
15,Larry Kahn,G5,6.000000,false,
15,Larry Kahn,G6,2.500000,false,
15,Larry Kahn,G7,7.000000,false,
15,Dave Lockwood,G1,6.000000,false,
15,Dave Lockwood,G2,1.000000,false,
15,Dave Lockwood,G3,1.000000,false,
15,Dave Lockwood,G4,6.000000,false,
15,Dave Lockwood,G5,1.000000,false,
15,Dave Lockwood,G6,4.500000,false,
15,Dave Lockwood,G7,0.000000,false,
14,Dave Lockwood,G1,6.000000,false,
14,Dave Lockwood,G2,1.000000,false,
14,Dave Lockwood,G3,7.000000,false,
14,Dave Lockwood,G4,6.000000,false,
14,Dave Lockwood,G5,5.000000,false,
14,Charles Relle,G1,1.000000,false,
14,Charles Relle,G2,6.000000,false,
14,Charles Relle,G3,0.000000,false,
14,Charles Relle,G4,1.000000,false,
14,Charles Relle,G5,2.000000,false,
13,Dave Lockwood,G1,5.500000,false,
13,Dave Lockwood,G2,6.000000,false,
13,Dave Lockwood,G3,1.000000,false,
13,Dave Lockwood,G4,3.000000,false,
13,Dave Lockwood,G5,1.000000,false,
13,Dave Lockwood,G6,5.000000,true,
13,Dave Lockwood,G7,6.000000,false,
13,Larry Kahn,G1,1.500000,false,
13,Larry Kahn,G2,1.000000,false,
13,Larry Kahn,G3,6.000000,false,
13,Larry Kahn,G4,4.000000,false,
13,Larry Kahn,G5,6.000000,false,
13,Larry Kahn,G6,2.000000,true,
13,Larry Kahn,G7,1.000000,false,
12,Dave Lockwood,G1,6.000000,false,
12,Dave Lockwood,G2,4.000000,false,
12,Dave Lockwood,G3,2.500000,false,
12,Dave Lockwood,G4,6.000000,false,
12,Dave Lockwood,G5,1.000000,false,
12,Dave Lockwood,G6,6.000000,false,
12,Jonathan Mapley,G1,1.000000,false,
12,Jonathan Mapley,G2,3.000000,false,
12,Jonathan Mapley,G3,4.500000,false,
12,Jonathan Mapley,G4,1.000000,false,
12,Jonathan Mapley,G5,6.000000,false,
12,Jonathan Mapley,G6,1.000000,false,
11,Dave Lockwood,G1,6.000000,false,
11,Dave Lockwood,G2,5.000000,false,
11,Dave Lockwood,G3,6.000000,false,
11,Dave Lockwood,G4,4.000000,false,
11,Dave Lockwood,G5,2.500000,false,
11,Dave Lockwood,G6,7.000000,true,
11,Pam Knowles,G1,1.000000,false,
11,Pam Knowles,G2,2.000000,false,
11,Pam Knowles,G3,1.000000,false,
11,Pam Knowles,G4,3.000000,false,
11,Pam Knowles,G5,4.500000,false,
11,Pam Knowles,G6,0.000000,true,
10,Dave Lockwood,G1,5.000000,false,
10,Dave Lockwood,G2,1.000000,false,
10,Dave Lockwood,G3,5.000000,false,
10,Dave Lockwood,G4,1.000000,false,
10,Dave Lockwood,G5,6.000000,false,
10,Dave Lockwood,G6,6.000000,false,
10,Dave Lockwood,G7,6.000000,false,
10,Larry Kahn,G1,2.000000,false,
10,Larry Kahn,G2,6.000000,false,
10,Larry Kahn,G3,2.000000,false,
10,Larry Kahn,G4,6.000000,false,
10,Larry Kahn,G5,1.000000,false,
10,Larry Kahn,G6,1.000000,false,
10,Larry Kahn,G7,1.000000,false,
9,Dave Lockwood,G1,3.000000,false,
9,Dave Lockwood,G2,2.500000,false,
9,Dave Lockwood,G3,6.000000,false,
9,Dave Lockwood,G4,3.000000,false,
9,Dave Lockwood,G5,6.000000,false,
9,Dave Lockwood,G6,6.000000,false,
9,Severin Drix,G1,4.000000,false,
9,Severin Drix,G2,4.500000,false,
9,Severin Drix,G3,1.000000,false,
9,Severin Drix,G4,4.000000,false,
9,Severin Drix,G5,1.000000,false,
9,Severin Drix,G6,1.000000,false,
8,Dave Lockwood,G1,4.666660,false,
8,Dave Lockwood,G2,0.000000,true,
8,Dave Lockwood,G3,5.000000,true,
8,Dave Lockwood,G4,3.000000,false,
8,Dave Lockwood,G5,5.000000,false,
8,Dave Lockwood,G6,7.000000,true,
8,Jonathan Mapley,G1,2.333330,false,
8,Jonathan Mapley,G2,7.000000,true,
8,Jonathan Mapley,G3,2.000000,true,
8,Jonathan Mapley,G4,4.000000,false,
8,Jonathan Mapley,G5,2.000000,false,
8,Jonathan Mapley,G6,0.000000,true,
7,Dave Lockwood,G1,1.000000,true,
7,Dave Lockwood,G2,6.000000,false,
7,Dave Lockwood,G3,7.000000,true,
7,Dave Lockwood,G4,6.000000,true,
7,Dave Lockwood,G5,6.000000,false,
7,Alan Dean,G1,6.000000,true,
7,Alan Dean,G2,1.000000,false,
7,Alan Dean,G3,0.000000,true,
7,Alan Dean,G4,1.000000,true,
7,Alan Dean,G5,1.000000,false,
6,Dave Lockwood,G1,1.000000,true,
6,Dave Lockwood,G2,6.000000,true,
6,Dave Lockwood,G3,2.000000,true,
6,Dave Lockwood,G4,1.500000,false,
6,Dave Lockwood,G5,6.000000,false,
6,Dave Lockwood,G6,6.000000,false,
6,Dave Lockwood,G7,3.000000,false,
6,Severin Drix,G1,6.000000,true,
6,Severin Drix,G2,1.000000,true,
6,Severin Drix,G3,5.000000,true,
6,Severin Drix,G4,5.500000,false,
6,Severin Drix,G5,1.000000,false,
6,Severin Drix,G6,1.000000,false,
6,Severin Drix,G7,4.000000,false,
5,Severin Drix,G1,5.000000,false,
5,Severin Drix,G2,5.500000,false,
5,Severin Drix,G3,1.000000,false,
5,Severin Drix,G4,6.000000,false,
5,Severin Drix,G5,1.000000,false,
5,Severin Drix,G6,2.000000,false,
5,Severin Drix,G7,6.000000,false,
5,Dave Lockwood,G1,2.000000,false,
5,Dave Lockwood,G2,1.500000,false,
5,Dave Lockwood,G3,6.000000,false,
5,Dave Lockwood,G4,1.000000,false,
5,Dave Lockwood,G5,6.000000,false,
5,Dave Lockwood,G6,5.000000,false,
5,Dave Lockwood,G7,1.000000,false,
4,Severin Drix,G1,6.000000,false,
4,Severin Drix,G2,6.000000,false,
4,Severin Drix,G3,3.000000,false,
4,Severin Drix,G4,6.000000,false,
4,Severin Drix,G5,1.000000,false,
4,Severin Drix,G6,6.000000,false,
4,Sunshine,G1,1.000000,false,
4,Sunshine,G2,1.000000,false,
4,Sunshine,G3,4.000000,false,
4,Sunshine,G4,1.000000,false,
4,Sunshine,G5,6.000000,false,
4,Sunshine,G6,1.000000,false,
3,Severin Drix,G1,3.000000,false,
3,Severin Drix,G2,6.000000,false,
3,Severin Drix,G3,4.000000,false,
3,Severin Drix,G4,2.000000,false,
3,Severin Drix,G5,6.000000,false,
3,Severin Drix,G6,6.000000,false,
3,Keith Seaman,G1,4.000000,false,
3,Keith Seaman,G2,1.000000,false,
3,Keith Seaman,G3,3.000000,false,
3,Keith Seaman,G4,5.000000,false,
3,Keith Seaman,G5,1.000000,false,
3,Keith Seaman,G6,1.000000,false,
2,Severin Drix,G1,5.000000,false,
2,Severin Drix,G2,6.000000,false,
2,Severin Drix,G3,6.000000,false,
2,Severin Drix,G4,1.000000,false,
2,Severin Drix,G5,6.000000,false,
2,Severin Drix,G6,1.000000,true,
2,Bill Renke,G1,2.000000,false,
2,Bill Renke,G2,1.000000,false,
2,Bill Renke,G3,1.000000,false,
2,Bill Renke,G4,6.000000,false,
2,Bill Renke,G5,1.000000,false,
2,Bill Renke,G6,6.000000,true,
1,Bill Renke,G1,4.000000,false,
1,Bill Renke,G2,5.000000,false,
1,Bill Renke,G3,7.000000,true,
1,Bill Renke,G4,6.000000,false,
1,Bill Renke,G5,7.000000,true,
1,Alan Dean,G1,3.000000,false,
1,Alan Dean,G2,2.000000,false,
1,Alan Dean,G3,0.000000,true,
1,Alan Dean,G4,1.000000,false,
1,Alan Dean,G5,0.000000,true,
